inputs,time(n),time(n^2)
10000,0.055000,121.402000
20000,0.064000,421.064000
30000,0.130000,918.592000
40000,0.193000,1845.454000
50000,0.220000,2734.119000
